gene,mutation,label
ERBB2,R678Q,Passenger
TP63,R379C,Passenger
EGFR,E114K,Passenger
ESR1,E247K,Passenger
IDH1,P33S,Passenger
FBXW7,R658Q,Passenger
VLDLR,R231H,Passenger
MSH6,R1095H,Passenger
BRAF,R389C,Passenger
AXL,R506H,Passenger
BRAF,F294L,Passenger
RAF1,V537I,Passenger
PIK3CB,T417M,Passenger
ARAF,D402N,Passenger
BRAF,A320T,Passenger
PDGFRA,V193I,Passenger
FGFR2,G227E,Passenger
IDH2,A416V,Passenger
MLH1,R474W,Passenger
EGFR,S116F,Passenger
PIK3CA,R818C,Passenger
IDH2,G137E,Passenger
FGFR3,H274Y,Passenger
PIK3CD,V20I,Passenger
PDGFRA,G185W,Passenger
MAP2K4,R134Q,Passenger
ALK,R401Q,Passenger
PDGFRA,R558C,Passenger
PDGFRA,D1071N,Passenger
PIK3CB,K290N,Passenger
AXL,T568M,Passenger
ARAF,R188H,Passenger
PIK3CB,E1036K,Passenger
RAF1,R215C,Passenger
PIK3CB,K61T,Passenger
PIK3CB,E158K,Passenger
PIK3CB,I992T,Passenger
BRCA2,R2973C,Passenger
RAF1,R495C,Passenger
IDH2,T331M,Passenger
AKT1,R121W,Passenger
SMO,R562Q,Passenger
PIK3CB,R103K,Passenger
PIK3CB,E1047K,Passenger
BRAF,S364L,Passenger
BRAF,P348T,Passenger
PIK3CB,M68I,Passenger
PIK3CB,R149Q,Passenger
ALK,G875R,Passenger
IDH2,A47V,Passenger
PIK3CB,T859A,Passenger
SMO,S533N,Passenger
SMAD4,K436N,Passenger
PDGFRA,E996K,Passenger
BRCA2,S2695L,Passenger
PIK3CB,D1020H,Passenger
EGFR,L38V,Passenger
ALK,G1137R,Passenger
MET,Y205C,Passenger
PIK3CB,H135N,Passenger
BRAF,D380H,Passenger
AXL,A857V,Passenger
ALK,A1234T,Passenger
BRAF,F259L,Passenger
MSH2,Q645E,Passenger
IDH1,E190K,Passenger
BRCA2,S3123G,Passenger
BRCA1,S1651F,Passenger
PIK3CB,N442K,Passenger
PIK3CA,G363A,Passenger
ALK,L560F,Passenger
PIK3CB,A830T,Passenger
PIK3CA,R108L,Passenger
ARAF,R557Q,Passenger
PIK3CA,M1040V,Passenger
ARAF,R579Q,Passenger
ARAF,G496E,Passenger
PIK3CA,F614I,Passenger
ALK,M301I,Passenger
PIK3CA,L766F,Passenger
PIK3CB,L768F,Passenger
PIK3CA,R398H,Passenger
MET,M1192I,Passenger
ALK,A585T,Passenger
RAF1,N140H,Passenger
BRCA1,E1682K,Passenger
CDK12,K975E,Passenger
PIK3CB,F876L,Passenger
PIK3CB,A875D,Passenger
ALK,E994K,Passenger
EGFR,Q1164R,Passenger
PIK3CB,S4C,Passenger
PIK3CB,I512M,Passenger
TP53,R290H,Passenger
BRAF,K205Q,Passenger
PIK3CA,W11L,Passenger
PIK3CB,A50P,Passenger
ARAF,R428Q,Passenger
BRAF,R271H,Passenger
PIK3CB,L674P,Passenger
RAF1,P505S,Passenger
PIK3CB,R668W,Passenger
RAF1,R191I,Passenger
PIK3CB,R270W,Passenger
PIK3CB,V967A,Passenger
PIK3CB,L140S,Passenger
PIK3CG,G426E,Passenger
BRCA1,R866C,Passenger
SMO,E194K,Passenger
ALK,A195V,Passenger
BRAF,L64I,Passenger
ESR1,R555C,Passenger
CBL,S80N,Passenger
IDH2,E268D,Passenger
ARAF,G446D,Passenger
POLE,F367S,Driver
POLE,V411L,Driver
POLE,P286R,Driver
POLE,P286S,Driver
POLE,S297F,Driver
POLE,L424I,Driver
POLE,S459F,Driver
POLE,P436R,Driver
POLE,L424V,Driver
POLE,M444K,Driver
POLE,A456P,Driver
POLE,D368Y,Driver
POLE,I300I,Passenger
POLE,S2084L,Passenger
POLE,P1247P,Passenger
POLE,A1198A,Passenger
POLE,P696S,Passenger
POLE,M562T,Passenger
POLE,R114*,Passenger
POLE,A1140T,Passenger
POLE,A1298T,Passenger
POLE,A512V,Passenger
POLE,P102P,Passenger
POLE,S1456S,Passenger
POLE,E1977G,Passenger
POLE,R685W,Passenger
POLE,D2166G,Passenger
POLE,E396G,Passenger
POLE,Q1049H,Passenger
POLE,F990C,Passenger
POLE,K429N,Passenger
POLE,T278M,Passenger
POLE,F2163F,Passenger
POLE,A2040V,Passenger
POLE,N1156I,Passenger
POLE,F1122C,Passenger
POLE,G786G,Passenger
POLE,E223K,Passenger
POLE,F1996S,Passenger
POLE,N363N,Passenger
POLE,R793C,Passenger
POLE,L2083L,Passenger
POLE,H1492H,Passenger
POLE,G1425G,Passenger
POLE,Y103H,Passenger
POLE,Y1889C,Passenger
POLE,I2199I,Passenger
POLE,R1826W,Passenger
POLE,L1235I,Passenger
POLE,L2112M,Passenger
POLE,S554S,Passenger
POLE,Q214R,Passenger
POLE,Q1335*,Passenger
POLE,T1228N,Passenger
POLE,R1321K,Passenger
POLE,A428T,Passenger
POLE,F1708F,Passenger
POLE,A426V,Passenger
POLE,D2013D,Passenger
POLE,R1233*,Passenger
POLE,D530D,Passenger
POLE,G1256G,Passenger
POLE,A781S,Passenger
POLE,E978G,Driver
POLE,P916L,Passenger
POLE,R742H,Passenger
POLE,S692P,Passenger
POLE,G388G,Passenger
POLE,P338P,Passenger
POLE,W1824C,Passenger
POLE,C402R,Passenger
POLE,V2041V,Passenger
POLE,I834I,Passenger
POLE,X2046_splice,Passenger
POLE,A2006A,Passenger
POLE,N1971N,Passenger
POLE,T998T,Passenger
POLE,S461L,Driver
POLE,F815L,Passenger
POLE,C2238C,Passenger
POLE,R1879C,Passenger
POLE,V1555V,Passenger
POLE,R1364C,Passenger
POLE,G904G,Passenger
POLE,Q453R,Passenger
POLE,P1779P,Passenger
POLE,P102L,Passenger
POLE,R34C,Passenger
POLE,R705W,Passenger
POLE,M1754V,Passenger
POLE,V1227D,Passenger
POLE,F985L,Passenger
POLE,M820V,Passenger
POLE,Y2003Y,Passenger
POLE,R2127*,Passenger
POLE,Y718Y,Passenger
POLE,V2025M,Passenger
POLE,E1698D,Passenger
POLE,R976S,Passenger
POLE,L1441L,Passenger
POLE,R266*,Passenger
POLE,C2109R,Passenger
POLE,A566T,Passenger
POLE,L1561P,Passenger
POLE,S1380L,Passenger
POLE,D529D,Passenger
POLE,A1967V,Passenger
POLE,T1104M,Passenger
POLE,H144Q,Passenger
POLE,Y1865Y,Passenger
POLE,Y473Y,Passenger
POLE,F1553F,Passenger
POLE,D1129G,Passenger
POLE,E2272E,Passenger
POLE,E714E,Passenger
POLE,X1793_splice,Passenger
POLE,F2063L,Passenger
POLE,D1954D,Passenger
POLE,S1644L,Passenger
POLE,P703S,Passenger
POLE,P1688L,Passenger
POLE,E1461V,Passenger
POLE,F1758F,Passenger
POLE,A427A,Passenger
POLE,R150R,Passenger
POLE,S118Y,Passenger
POLE,R764M,Passenger
POLE,R1579R,Passenger
POLE,I1568V,Passenger
POLE,A1990V,Passenger
POLE,S1906Y,Passenger
POLE,R1870C,Passenger
POLE,L1217L,Passenger
POLE,S1139S,Passenger
POLE,F1985L,Passenger
POLE,F94C,Passenger
POLE,P1164P,Passenger
POLE,T906I,Passenger
POLE,Y1367Y,Passenger
POLE,M1068T,Passenger
POLE,S1644S,Passenger
POLE,L800L,Passenger
POLE,R1386Q,Passenger
POLE,S1590S,Passenger
POLE,A1010T,Passenger
POLD1,L606M,Driver
POLD1,S478N,Driver
POLD1,L606V,Driver
POLD1,D316G,Driver
POLD1,D316N,Driver
POLD1,E318K,Driver
POLD1,D757G,Passenger
POLD1,P787L,Passenger
POLD1,V392M,Passenger
POLD1,G3V,Passenger
POLD1,T582M,Passenger
POLD1,R224H,Passenger
POLD1,R823H,Passenger
POLD1,F637L,Passenger
POLD1,S207S,Passenger
POLD1,R432R,Passenger
POLD1,S767S,Passenger
POLD1,A779A,Passenger
POLD1,R1098H,Passenger
POLD1,P362P,Passenger
POLD1,G724R,Passenger
POLD1,S758S,Passenger
POLD1,C319C,Passenger
POLD1,R549C,Passenger
POLD1,A769D,Passenger
POLD1,T954M,Passenger
POLD1,P787P,Passenger
POLD1,C139C,Passenger
POLD1,R306C,Passenger
POLD1,R454R,Passenger
POLD1,G764G,Passenger
POLD1,Q51H,Passenger
POLD1,G68R,Passenger
POLD1,R225H,Passenger
POLD1,R833C,Passenger
POLD1,V700I,Passenger
POLD1,V477M,Passenger
POLD1,V137I,Passenger
POLD1,A509D,Passenger
POLD1,A563D,Passenger
POLD1,G262S,Passenger
POLD1,F241F,Passenger
POLD1,P154P,Passenger
POLD1,V556I,Passenger
POLD1,A127T,Passenger
POLD1,V489A,Passenger
POLD1,A890V,Passenger
POLD1,N531N,Passenger
POLD1,D37N,Passenger
POLD1,R218H,Passenger
POLD1,V368M,Passenger
POLD1,P608P,Passenger
POLD1,T258T,Passenger
POLD1,T473T,Passenger
POLD1,R195*,Passenger
POLD1,R211C,Passenger
POLD1,Q379*,Passenger
POLD1,L353M,Passenger
POLD1,R1086Q,Passenger
POLD1,F144F,Passenger
POLD1,T473M,Passenger
POLD1,P912L,Passenger
POLD1,R623Q,Passenger
POLD1,P972S,Passenger
ACVR1,G328V,Driver
ACVR1,G356D,Driver
ACVR1,R206H,Driver
AKT1,D323N,Driver
AKT1,D323Y,Driver
AKT1,E17K,Driver
AKT1,E40K,Driver
AKT1,E49K,Driver
AKT1,L52H,Driver
AKT1,L52R,Driver
AKT1,N53H,Passenger
AKT1,Q79K,Driver
AKT1,R370C,Driver
AKT1,W80R,Driver
AKT2,E17K,Driver
AKT2,H355Y,Driver
AKT2,I289M,Driver
AKT2,R170W,Driver
AKT3,E17K,Driver
ALK,A1200V,Passenger
ALK,E1242K,Passenger
ALK,E1384K,Driver
ALK,G1269E,Driver
ALK,R395H,Driver
ALK,R401L,Driver
AR,F877L,Driver
AR,H875Y,Driver
AR,L702H,Driver
ARAF,P216L,Driver
ARAF,S214C,Driver
ARAF,S214F,Driver
ARAF,S214P,Driver
ARAF,S214T,Driver
ARHGAP35,R832Q,Driver
ARHGAP35,S866F,Driver
ARHGAP35,Y742H,Driver
ARID1A,G2087E,Driver
ARID1A,G2087R,Driver
ARID2,R314C,Driver
ARID2,S297F,Driver
ASXL2,E330D,Driver
ASXL2,E330K,Driver
ASXL2,E330Q,Driver
ATM,A2062V,Driver
ATM,A220V,Passenger
ATM,D1682Y,Driver
ATM,D2708N,Driver
ATM,E2039K,Driver
ATM,I2888L,Driver
ATM,I323V,Driver
ATM,L2890R,Driver
ATM,L2890V,Driver
ATM,N2875K,Driver
ATM,P292L,Driver
ATM,Q2730P,Driver
ATM,R1466Q,Driver
ATM,R2832C,Driver
ATM,R3008C,Driver
ATM,R3008H,Driver
ATM,R337C,Driver
ATM,R337H,Driver
ATM,S1455R,Driver
ATM,S2394L,Driver
ATP1A1,V332G,Driver
ATP6V1B2,R400Q,Driver
AXL,A273V,Driver
B2M,L12P,Driver
B2M,L12Q,Driver
B2M,L7S,Driver
BAP1,C91G,Driver
BAP1,E685V,Driver
BAP1,F170C,Driver
BAP1,F170L,Driver
BCL2,A131D,Driver
BCL2L11,G156E,Driver
BCL2L11,G156R,Driver
BCL6,R594Q,Driver
BCL6,R618C,Driver
BCOR,N1459S,Driver
BIRC3,G472R,Passenger
BIRC3,R172I,Passenger
BIRC3,R448Q,Passenger
BIRC3,S248C,Passenger
BIRC3,S278R,Passenger
BIRC3,S7I,Passenger
BIRC3,T488M,Passenger
BIRC3,T536R,Passenger
BRAF,F247L,Driver
BRAF,G258V,Driver
BRAF,L245F,Driver
BRAF,P367S,Driver
BRAF,T241M,Driver
BRCA1,E9Q,Passenger
BRCA1,G1788V,Driver
BRCA1,L49M,Passenger
BRCA1,R1203Q,Passenger
BRCA1,R252H,Passenger
BRCA1,R7C,Passenger
BRCA1,S1722F,Driver
BRCA1,V1714G,Driver
BRCA2,A3088V,Passenger
BRCA2,G2596E,Driver
BRCA2,L2972W,Passenger
BRCA2,M192T,Passenger
BRCA2,P2800R,Passenger
BRCA2,P3063S,Passenger
BRCA2,R2494Q,Passenger
BRCA2,R2520Q,Passenger
BRCA2,R2784Q,Driver
BRCA2,R2842C,Driver
BRCA2,R2842H,Passenger
BRCA2,R2973H,Passenger
BRCA2,S206C,Driver
BRCA2,S2670L,Driver
BRCA2,S2704F,Passenger
BRCA2,T2662M,Passenger
BRCA2,Y2726C,Driver
BRD4,P1065R,Driver
BRIP1,A745T,Passenger
BRIP1,R865W,Driver
BTG1,Q36H,Driver
BTK,R28C,Passenger
CARD11,C49Y,Driver
CARD11,D230N,Driver
CARD11,D357N,Driver
CARD11,D357V,Driver
CARD11,E626K,Driver
CARD11,G126D,Driver
CARD11,K215M,Driver
CARD11,K215N,Driver
CARD11,K215T,Driver
CARD11,R423Q,Driver
CARD11,R423W,Driver
CARD11,S250P,Driver
CBL,P417H,Driver
CBL,P417L,Driver
CCND1,C47S,Driver
CCND1,P287A,Driver
CCND1,P287L,Driver
CCND1,P287R,Driver
CCND1,P287S,Driver
CCND1,P287T,Driver
CCND1,T286A,Driver
CCND1,T286I,Driver
CCND3,T283A,Driver
CDH1,A634V,Driver
CDH1,D254Y,Driver
CDH1,D257N,Driver
CDH1,D288N,Driver
CDH1,D288V,Driver
CDH1,R63P,Driver
CDH1,R732Q,Driver
CDH1,Y190C,Driver
CDK12,L996F,Driver
CDK12,R882L,Driver
CDK12,R890H,Driver
CDK4,K22M,Driver
CDK4,K22Q,Driver
CDK4,R24C,Driver
CDK4,R24H,Driver
CDK4,R24L,Driver
CDK4,R24S,Driver
CDKN1B,G72D,Driver
CDKN2A,D108G,Driver
CDKN2A,D108H,Driver
CDKN2A,D108N,Driver
CDKN2A,D108V,Driver
CDKN2A,D108Y,Driver
CDKN2A,D74N,Driver
CDKN2A,D74V,Driver
CDKN2A,D74Y,Driver
CDKN2A,D84G,Driver
CDKN2A,D84N,Driver
CDKN2A,D84V,Driver
CDKN2A,D84Y,Driver
CDKN2A,E88K,Driver
CDKN2A,G101W,Driver
CDKN2A,G23D,Driver
CDKN2A,H83D,Driver
CDKN2A,H83Q,Driver
CDKN2A,H83R,Driver
CDKN2A,H83Y,Driver
CDKN2A,L32P,Driver
CDKN2A,M53I,Driver
CDKN2A,N42H,Driver
CDKN2A,N42I,Driver
CDKN2A,P114L,Driver
CDKN2A,P114T,Driver
CDKN2A,P48L,Driver
CDKN2A,P48R,Driver
CDKN2A,P81L,Driver
CDKN2A,Q50H,Driver
CDKN2A,Q50R,Driver
CDKN2A,S12L,Driver
CIC,A1185T,Driver
CIC,N205S,Driver
CIC,P203L,Driver
CIC,P203S,Driver
CIC,R1512C,Driver
CIC,R1512H,Driver
CIC,R1512L,Driver
CIC,R1512S,Driver
CIC,R1515C,Driver
CIC,R1515H,Driver
CIC,R201W,Driver
CIC,R202Q,Driver
CIC,R202W,Driver
CIC,R215Q,Driver
CIC,R215W,Driver
CIC,S231G,Driver
CIC,S231I,Driver
CIITA,T636M,Driver
COL2A1,G1170S,Driver
CREBBP,D1435G,Driver
CREBBP,D1435H,Driver
CREBBP,D1435Y,Driver
CREBBP,I1431V,Driver
CREBBP,R1446C,Driver
CREBBP,R1446H,Driver
CREBBP,R1446L,Driver
CREBBP,S1436N,Driver
CREBBP,W1472C,Driver
CREBBP,Y1450C,Driver
CREBBP,Y1450D,Driver
CREBBP,Y1503C,Driver
CRLF2,S128L,Driver
CSF1R,E633K,Passenger
CTCF,H284N,Driver
CTCF,H284P,Driver
CTCF,H284Y,Driver
CTCF,H288D,Driver
CTCF,P378L,Driver
CTCF,R339Q,Driver
CTCF,R339W,Driver
CTCF,R377C,Driver
CTCF,R377H,Driver
CTCF,S354F,Driver
CTCF,S354Y,Driver
CTCF,Y226C,Passenger
CTNNB1,D32A,Driver
CTNNB1,D32G,Driver
CTNNB1,D32H,Driver
CTNNB1,D32N,Driver
CTNNB1,D32V,Driver
CTNNB1,D32Y,Driver
CTNNB1,G34E,Driver
CTNNB1,G34R,Driver
CTNNB1,G34V,Driver
CTNNB1,H36P,Driver
CTNNB1,I35S,Driver
CTNNB1,K292E,Driver
CTNNB1,K292T,Driver
CTNNB1,K335I,Driver
CTNNB1,K335T,Driver
CTNNB1,N387I,Driver
CTNNB1,N387K,Driver
CTNNB1,N387Y,Driver
CTNNB1,R535Q,Driver
CTNNB1,S33A,Driver
CTNNB1,S33C,Driver
CTNNB1,S33F,Driver
CTNNB1,S33P,Driver
CTNNB1,S33T,Driver
CTNNB1,S33Y,Driver
CTNNB1,S37A,Driver
CTNNB1,S37C,Driver
CTNNB1,S37F,Driver
CTNNB1,S37P,Driver
CTNNB1,S37Y,Driver
CTNNB1,S45C,Driver
CTNNB1,S45F,Driver
CTNNB1,S45P,Driver
CTNNB1,S45Y,Driver
CTNNB1,T41A,Driver
CTNNB1,T41I,Driver
CTNNB1,T41N,Driver
CTNNB1,W383C,Driver
CTNNB1,W383G,Driver
CTNNB1,W383R,Driver
CTR9,A220T,Driver
CTR9,R201C,Driver
CTR9,R98W,Passenger
CUL3,M299R,Driver
CYSLTR2,L129Q,Driver
DDB2,R273H,Driver
DICER1,D1709N,Driver
DICER1,D1810A,Driver
DICER1,D1810H,Driver
DICER1,D1810N,Driver
DICER1,D1810V,Driver
DICER1,D1810Y,Driver
DICER1,E1705A,Driver
DICER1,E1705K,Driver
DICER1,E1813A,Driver
DICER1,E1813G,Driver
DICER1,G1809R,Driver
DICER1,R944Q,Passenger
DICER1,S1344L,Driver
DIS3,D479G,Driver
DIS3,D479H,Driver
DIS3,D479V,Driver
DIS3,D488A,Driver
DIS3,D488G,Driver
DIS3,D488N,Driver
DIS3,L767F,Driver
DIS3,R382Q,Driver
DIS3,R689G,Driver
DIS3,R689Q,Driver
DIS3,R780G,Driver
DIS3,R780K,Driver
DIS3,R780S,Driver
DIS3,R780T,Driver
DNMT1,E432K,Driver
DNMT1,E51K,Driver
DNMT3A,A192E,Driver
DNMT3A,A380T,Passenger
DNMT3A,A741V,Driver
DNMT3A,A884V,Passenger
DNMT3A,A910V,Driver
DNMT3A,C497Y,Driver
DNMT3A,D686Y,Driver
DNMT3A,E281K,Passenger
DNMT3A,E342K,Driver
DNMT3A,E428Q,Passenger
DNMT3A,F414S,Driver
DNMT3A,F751I,Driver
DNMT3A,G413S,Passenger
DNMT3A,G822D,Driver
DNMT3A,K272N,Passenger
DNMT3A,L737F,Driver
DNMT3A,P307S,Driver
DNMT3A,P419T,Passenger
DNMT3A,P804S,Passenger
DNMT3A,R183W,Driver
DNMT3A,R288W,Passenger
DNMT3A,R379H,Driver
DNMT3A,R596W,Driver
DNMT3A,R604Q,Passenger
DNMT3A,R659H,Driver
DNMT3A,R676W,Driver
DNMT3A,R720H,Passenger
DNMT3A,R736H,Driver
DNMT3A,R771Q,Driver
DNMT3A,R792H,Passenger
DNMT3A,R803S,Driver
DNMT3A,R882C,Driver
DNMT3A,R882H,Driver
DNMT3A,S714C,Driver
DNMT3A,T835M,Driver
DNMT3A,V563M,Driver
DNMT3A,W893R,Driver
DNMT3A,Y533C,Driver
DNMT3B,V229M,Driver
DOT1L,S225L,Driver
DTX1,A56T,Passenger
DTX1,F82L,Passenger
DTX1,P11S,Passenger
EGFR,A289D,Driver
EGFR,A289T,Driver
EGFR,A289V,Driver
EGFR,A871G,Driver
EGFR,C620W,Driver
EGFR,C620Y,Driver
EGFR,C624F,Driver
EGFR,D1009N,Passenger
EGFR,D191N,Passenger
EGFR,D256Y,Driver
EGFR,D761N,Driver
EGFR,D837N,Passenger
EGFR,E330K,Driver
EGFR,E709K,Driver
EGFR,E967A,Driver
EGFR,F712L,Passenger
EGFR,G465R,Driver
EGFR,G588S,Driver
EGFR,G598A,Passenger
EGFR,G598E,Driver
EGFR,G598V,Driver
EGFR,G63E,Driver
EGFR,G63R,Driver
EGFR,G719A,Driver
EGFR,G719C,Driver
EGFR,G719S,Driver
EGFR,G724S,Driver
EGFR,G983R,Driver
EGFR,H304Y,Driver
EGFR,H47Y,Passenger
EGFR,I475V,Passenger
EGFR,K754I,Driver
EGFR,L62R,Driver
EGFR,L747V,Driver
EGFR,L833V,Driver
EGFR,L858R,Driver
EGFR,L861Q,Driver
EGFR,P272L,Passenger
EGFR,P373Q,Passenger
EGFR,P589L,Driver
EGFR,P596L,Driver
EGFR,P596S,Driver
EGFR,R108G,Driver
EGFR,R108K,Driver
EGFR,R222C,Driver
EGFR,R252H,Driver
EGFR,R252P,Driver
EGFR,R324L,Driver
EGFR,R831C,Driver
EGFR,R831H,Passenger
EGFR,S198R,Passenger
EGFR,S229C,Driver
EGFR,S645C,Driver
EGFR,S768I,Driver
EGFR,T263I,Driver
EGFR,T263P,Driver
EGFR,T363I,Driver
EGFR,T790M,Driver
EGFR,V148M,Driver
EGFR,V292M,Driver
EGFR,V769L,Driver
EGFR,V769M,Driver
EGFR,V843L,Driver
EIF1AX,G15D,Driver
EIF1AX,G15V,Passenger
EIF1AX,G6D,Driver
EIF1AX,G6S,Driver
EIF1AX,G8E,Driver
EIF1AX,G8R,Driver
EIF1AX,G8V,Driver
EIF1AX,G9D,Driver
EIF1AX,G9R,Driver
EIF1AX,K10E,Driver
EIF1AX,K3E,Driver
EIF1AX,N4S,Driver
EIF1AX,P2S,Driver
EIF1AX,R13C,Driver
EIF1AX,R13G,Driver
EIF1AX,R13H,Driver
ELOC,Y79F,Driver
EP300,C1164Y,Driver
EP300,D1399N,Driver
EP300,D1399Y,Driver
EP300,H1451P,Driver
EP300,H1451R,Driver
EP300,P1502L,Driver
EP300,Q1455H,Driver
EP300,Q1455R,Driver
EP300,W1466C,Driver
EP300,W1466L,Driver
EP300,Y1414C,Driver
EP300,Y1414D,Driver
EP300,Y1467S,Driver
EPAS1,A530V,Driver
EPAS1,P531S,Driver
EPAS1,Y532C,Driver
EPHA7,G656E,Driver
EPHA7,G656W,Driver
EPHB1,R743Q,Driver
EPHB1,R743W,Driver
EPHB1,R84H,Passenger
EPHB1,R90C,Passenger
ERBB2,A241V,Passenger
ERBB2,A293V,Driver
ERBB2,D277Y,Driver
ERBB2,D742H,Passenger
ERBB2,D769H,Driver
ERBB2,D769Y,Driver
ERBB2,E1021Q,Passenger
ERBB2,E1079K,Passenger
ERBB2,E1244D,Passenger
ERBB2,E1244Q,Passenger
ERBB2,E280K,Passenger
ERBB2,G222C,Driver
ERBB2,G309A,Driver
ERBB2,G660R,Driver
ERBB2,G776S,Driver
ERBB2,G776V,Driver
ERBB2,I101S,Passenger
ERBB2,I263T,Passenger
ERBB2,I767M,Driver
ERBB2,L755M,Passenger
ERBB2,L755S,Driver
ERBB2,L755W,Driver
ERBB2,L841V,Driver
ERBB2,L866M,Driver
ERBB2,M916I,Driver
ERBB2,N1219S,Passenger
ERBB2,P1199T,Passenger
ERBB2,P1234S,Passenger
ERBB2,R1006C,Passenger
ERBB2,R103Q,Driver
ERBB2,R138W,Passenger
ERBB2,R868W,Driver
ERBB2,R897Q,Passenger
ERBB2,S310F,Driver
ERBB2,S310Y,Driver
ERBB2,S573L,Passenger
ERBB2,S649T,Driver
ERBB2,S653C,Driver
ERBB2,T306M,Passenger
ERBB2,T733I,Driver
ERBB2,T862A,Driver
ERBB2,V1128I,Passenger
ERBB2,V659D,Driver
ERBB2,V777L,Driver
ERBB2,V777M,Driver
ERBB2,V842I,Driver
ERBB3,A232T,Driver
ERBB3,A232V,Driver
ERBB3,D297N,Driver
ERBB3,D297V,Driver
ERBB3,E332K,Driver
ERBB3,E332Q,Driver
ERBB3,E928G,Driver
ERBB3,E928K,Driver
ERBB3,F219L,Driver
ERBB3,G284R,Driver
ERBB3,H228Q,Driver
ERBB3,H228R,Driver
ERBB3,K329E,Driver
ERBB3,M60R,Driver
ERBB3,M91I,Driver
ERBB3,N126K,Driver
ERBB3,P262H,Driver
ERBB3,Q809R,Driver
ERBB3,R103H,Driver
ERBB3,R475W,Driver
ERBB3,S846I,Driver
ERBB3,T355I,Driver
ERBB3,T355P,Driver
ERBB3,V104L,Driver
ERBB4,E452K,Driver
ERBB4,E542K,Driver
ERBB4,E836K,Driver
ERBB4,E872K,Driver
ERBB4,F1102C,Driver
ERBB4,K1002T,Driver
ERBB4,K1223M,Driver
ERBB4,K1223T,Driver
ERBB4,L798H,Driver
ERBB4,L798P,Driver
ERBB4,L798R,Driver
ERBB4,R106C,Driver
ERBB4,R106H,Driver
ERBB4,R544W,Driver
ERBB4,S774G,Driver
ERBB4,S774N,Driver
ERCC2,E606G,Driver
ERCC2,E606Q,Driver
ERCC2,E86Q,Driver
ERCC2,G607A,Driver
ERCC2,G675S,Passenger
ERCC2,H659Y,Driver
ERCC2,N238S,Driver
ERCC2,P463S,Driver
ERCC2,Q758E,Passenger
ERCC2,R631C,Driver
ERCC2,R683W,Driver
ERCC2,S246F,Driver
ERCC2,S246Y,Driver
ERCC2,S44L,Driver
ERCC2,T484A,Driver
ERCC2,T484M,Driver
ERCC2,Y14C,Driver
ERCC2,Y209C,Driver
ERCC2,Y72C,Driver
ERRFI1,K409N,Driver
ERRFI1,K409Q,Driver
ESR1,D538G,Driver
ESR1,E380Q,Driver
ESR1,L536P,Driver
ESR1,S463P,Driver
ESR1,Y537C,Driver
ESR1,Y537H,Driver
ESR1,Y537N,Driver
ESR1,Y537S,Driver
ETV6,P214L,Driver
ETV6,R369L,Driver
ETV6,R369Q,Driver
ETV6,R369W,Driver
ETV6,R396G,Driver
ETV6,R399H,Driver
ETV6,S284F,Driver
FANCA,H492R,Driver
FAT1,R1627Q,Driver
FBXW2,D30Y,Passenger
FBXW2,E269K,Driver
FBXW2,G258W,Passenger
FBXW2,S84C,Driver
FBXW7,A503V,Passenger
FBXW7,D520H,Driver
FBXW7,D520N,Driver
FBXW7,D520Y,Driver
FBXW7,E287K,Driver
FBXW7,E287V,Driver
FBXW7,G423A,Driver
FBXW7,G423V,Driver
FBXW7,R14Q,Driver
FBXW7,R224Q,Driver
FBXW7,R393Q,Driver
FBXW7,R441Q,Driver
FBXW7,R441W,Driver
FBXW7,R465C,Driver
FBXW7,R465G,Driver
FBXW7,R465H,Driver
FBXW7,R465L,Driver
FBXW7,R465P,Driver
FBXW7,R479G,Driver
FBXW7,R479L,Driver
FBXW7,R479P,Driver
FBXW7,R479Q,Driver
FBXW7,R505C,Driver
FBXW7,R505G,Driver
FBXW7,R505H,Driver
FBXW7,R505L,Driver
FBXW7,R505S,Driver
FBXW7,R689W,Driver
FBXW7,S546L,Driver
FBXW7,S582L,Driver
FBXW7,T385I,Driver
FBXW7,T385K,Driver
FBXW7,Y545C,Driver
FES,L145P,Driver
FGFR1,N546K,Driver
FGFR2,A264T,Driver
FGFR2,A648T,Passenger
FGFR2,C382R,Driver
FGFR2,C382Y,Passenger
FGFR2,D101Y,Driver
FGFR2,E163K,Driver
FGFR2,E596K,Passenger
FGFR2,E695K,Passenger
FGFR2,E718K,Driver
FGFR2,E731K,Driver
FGFR2,F276C,Driver
FGFR2,G364E,Driver
FGFR2,H242Y,Passenger
FGFR2,H544Q,Driver
FGFR2,I547V,Driver
FGFR2,K659E,Driver
FGFR2,K659N,Driver
FGFR2,L560F,Driver
FGFR2,M537I,Driver
FGFR2,M722I,Passenger
FGFR2,N549H,Driver
FGFR2,N549K,Driver
FGFR2,P253L,Driver
FGFR2,P708S,Passenger
FGFR2,Q212K,Driver
FGFR2,R203H,Passenger
FGFR2,R210Q,Passenger
FGFR2,R251Q,Passenger
FGFR2,R330W,Passenger
FGFR2,R399Q,Driver
FGFR2,R625Q,Passenger
FGFR2,R664W,Passenger
FGFR2,R678G,Driver
FGFR2,S252W,Driver
FGFR2,V392A,Driver
FGFR2,V395D,Passenger
FGFR2,W290C,Driver
FGFR2,Y375C,Driver
FGFR3,A257V,Passenger
FGFR3,A265V,Passenger
FGFR3,E194K,Passenger
FGFR3,P63S,Passenger
FGFR3,R248C,Driver
FGFR3,S249C,Driver
FGFR4,A749V,Passenger
FGFR4,E681K,Passenger
FGFR4,R154H,Passenger
FGFR4,R203C,Passenger
FGFR4,R434Q,Passenger
FGFR4,R464W,Passenger
FGFR4,R493Q,Passenger
FGFR4,R707W,Passenger
FGFR4,S342F,Passenger
FH,M336I,Driver
FH,M336L,Driver
FLT3,D835E,Driver
FLT3,D835H,Driver
FLT3,D835N,Driver
FLT3,D835Y,Driver
FOXA1,D226G,Driver
FOXA1,D226N,Driver
FOXA1,F266C,Driver
FOXA1,F266I,Driver
FOXA1,F266L,Driver
FOXA1,H247Q,Driver
FOXA1,H247R,Driver
FOXA1,H247Y,Driver
FOXA1,I176M,Driver
FOXA1,I176V,Driver
FOXA1,M253K,Driver
FOXA1,M253T,Driver
FOXA1,R219C,Driver
FOXA1,R261C,Driver
FOXA1,R261G,Driver
FOXA1,S250F,Driver
FOXA1,Y259C,Driver
FOXL2,E118K,Driver
FOXO1,S205N,Driver
FOXO1,S22W,Driver
FOXP1,R514C,Driver
FOXP1,R514H,Driver
FOXP1,S448L,Driver
FUBP1,R430C,Driver
GATA3,M293K,Driver
GATA3,M293R,Driver
GATA3,R364S,Driver
GLI1,R380Q,Driver
GNA11,Q209H,Driver
GNA11,Q209L,Driver
GNA11,R183C,Driver
GNAQ,G48V,Passenger
GNAQ,Q209L,Driver
GNAQ,Q209P,Driver
GNAQ,R183Q,Passenger
GNAS,Q227H,Driver
GNAS,Q227L,Driver
GNAS,R160C,Driver
GNAS,R201C,Driver
GNAS,R201H,Driver
GNAS,R201L,Driver
GNB1,D118Y,Driver
GNB1,I269T,Driver
GNB1,K57T,Driver
GNB1,R256H,Passenger
GNB1,R283C,Passenger
GNB1,S316G,Driver
GRIN2A,P1132L,Driver
GTF2I,N440S,Driver
H3-3A,G35R,Driver
H3-3A,G35V,Driver
H3-3A,K28M,Driver
H3C10,K37M,Driver
H3C2,E106K,Driver
H3C2,E106Q,Driver
H3C2,E51D,Driver
H3C2,E51Q,Driver
H3C2,K28E,Driver
H3C3,K37M,Driver
HGF,G229A,Driver
HNF1A,R114C,Driver
HNF1A,R114H,Driver
HRAS,A59T,Driver
HRAS,G12A,Driver
HRAS,G12C,Driver
HRAS,G12D,Driver
HRAS,G12R,Driver
HRAS,G12S,Driver
HRAS,G12V,Driver
HRAS,G13C,Driver
HRAS,G13D,Driver
HRAS,G13R,Driver
HRAS,G13S,Driver
HRAS,K117N,Driver
HRAS,K117R,Driver
HRAS,Q61H,Driver
HRAS,Q61K,Driver
HRAS,Q61L,Driver
HRAS,Q61R,Driver
IDH1,R132C,Driver
IDH1,R132G,Driver
IDH1,R132H,Driver
IDH1,R132L,Driver
IDH1,R132S,Driver
IDH1,R49C,Passenger
IDH2,R140Q,Driver
IDH2,R140W,Driver
IDH2,R172G,Driver
IDH2,R172K,Driver
IDH2,R172M,Driver
IDH2,R172S,Driver
IDH2,R172W,Driver
IKZF1,E304K,Driver
IKZF1,E304Q,Driver
IL7R,K395M,Driver
IL7R,K395N,Driver
IL7R,K395T,Driver
INPPL1,R70H,Driver
IRF4,C99R,Driver
IRF4,C99Y,Driver
IRF4,K123R,Driver
IRF8,T80A,Driver
JAK1,F958C,Driver
JAK1,F958S,Driver
JAK1,L910P,Driver
JAK1,R879H,Driver
JAK1,S729C,Driver
JAK2,L551P,Driver
JAK2,R1113H,Passenger
JAK2,R683T,Driver
JAK3,A573V,Driver
JAK3,M511I,Driver
JAK3,R403H,Passenger
JAK3,R657Q,Driver
JUN,E112K,Driver
JUN,E112Q,Driver
KDM5C,P480L,Driver
KDM6A,G526E,Driver
KDR,D1052N,Driver
KDR,G800R,Driver
KDR,R1022P,Driver
KDR,R1022Q,Driver
KDR,R1032Q,Passenger
KDR,R1051Q,Driver
KDR,S1037L,Driver
KDR,S1100F,Driver
KEAP1,C23Y,Driver
KEAP1,C249Y,Driver
KEAP1,D422N,Driver
KEAP1,D479G,Driver
KEAP1,E117K,Driver
KEAP1,G186R,Driver
KEAP1,G333C,Driver
KEAP1,G333S,Driver
KEAP1,G417E,Driver
KEAP1,G417R,Driver
KEAP1,G417V,Driver
KEAP1,G417W,Driver
KEAP1,G423V,Driver
KEAP1,G480W,Driver
KEAP1,G524C,Driver
KEAP1,G603W,Driver
KEAP1,L268P,Driver
KEAP1,M110V,Driver
KEAP1,P278S,Driver
KEAP1,R204P,Driver
KEAP1,R260Q,Driver
KEAP1,R272C,Driver
KEAP1,R272L,Driver
KEAP1,R320L,Driver
KEAP1,R320Q,Driver
KEAP1,R320W,Driver
KEAP1,R470C,Driver
KEAP1,R470H,Driver
KEAP1,R470S,Driver
KEAP1,R601L,Driver
KEAP1,S102L,Driver
KEAP1,S144F,Passenger
KEAP1,S243C,Driver
KEAP1,S338L,Driver
KEAP1,T142M,Driver
KEAP1,V155A,Driver
KEAP1,V155F,Driver
KIT,D816H,Driver
KIT,D816V,Driver
KIT,D816Y,Driver
KIT,K558E,Driver
KIT,K642E,Driver
KIT,K642N,Driver
KIT,L576P,Driver
KIT,N822I,Driver
KIT,N822K,Driver
KIT,N822Y,Driver
KIT,P573L,Driver
KIT,P573Q,Driver
KIT,R634W,Driver
KIT,R888Q,Passenger
KIT,V559A,Driver
KIT,V559G,Driver
KIT,W557R,Driver
KIT,Y578C,Driver
KLF4,K409N,Driver
KLF4,K409Q,Driver
KLF5,D418G,Driver
KLF5,D418N,Driver
KLF5,E419K,Driver
KLF5,E419Q,Driver
KLF5,P301S,Driver
KLHL6,F97L,Driver
KLHL6,L65P,Driver
KMT2C,R4549C,Driver
KMT2C,R4549H,Driver
KMT2C,R56Q,Driver
KMT2D,R5179C,Driver
KMT2D,R5179H,Driver
KMT2D,R5179L,Driver
KMT2D,R5432Q,Driver
KMT2D,R5432W,Driver
KNSTRN,C22S,Driver
KNSTRN,C22Y,Driver
KNSTRN,P26S,Driver
KNSTRN,P28L,Driver
KNSTRN,P28S,Driver
KNSTRN,R11K,Driver
KNSTRN,S24F,Driver
KRAS,A146P,Driver
KRAS,A146T,Driver
KRAS,A146V,Driver
KRAS,A59E,Driver
KRAS,A59G,Driver
KRAS,A59T,Driver
KRAS,C118S,Passenger
KRAS,D33E,Driver
KRAS,D57N,Passenger
KRAS,E62K,Driver
KRAS,E63K,Driver
KRAS,G12A,Driver
KRAS,G12C,Driver
KRAS,G12D,Driver
KRAS,G12R,Driver
KRAS,G12S,Driver
KRAS,G12V,Driver
KRAS,G13C,Driver
KRAS,G13D,Driver
KRAS,G13R,Driver
KRAS,G13V,Driver
KRAS,K117N,Driver
KRAS,K117R,Driver
KRAS,K5E,Driver
KRAS,L19F,Driver
KRAS,P34L,Driver
KRAS,Q22K,Driver
KRAS,Q61E,Driver
KRAS,Q61H,Driver
KRAS,Q61K,Driver
KRAS,Q61L,Driver
KRAS,Q61P,Driver
KRAS,Q61R,Driver
KRAS,R68S,Driver
KRAS,V14I,Driver
KRAS,Y64D,Driver
LRP5,A214T,Driver
LRP5,D111Y,Driver
LRP6,S488Y,Passenger
LYN,I364L,Driver
LYN,I364N,Driver
LZTR1,G248R,Driver
LZTR1,G404R,Driver
LZTR1,R198G,Driver
LZTR1,R284C,Driver
LZTR1,R466Q,Driver
LZTR1,R810W,Driver
LZTR1,S122L,Driver
LZTR1,W105R,Driver
MAP2K1,A257V,Passenger
MAP2K1,C121S,Driver
MAP2K1,D336H,Passenger
MAP2K1,D67N,Driver
MAP2K1,E203K,Driver
MAP2K1,E203V,Driver
MAP2K1,E333A,Passenger
MAP2K1,E44K,Passenger
MAP2K1,F53I,Driver
MAP2K1,F53L,Driver
MAP2K1,F53V,Driver
MAP2K1,G128D,Driver
MAP2K1,G128R,Driver
MAP2K1,G128V,Driver
MAP2K1,G294R,Passenger
MAP2K1,I103N,Driver
MAP2K1,I310L,Passenger
MAP2K1,K57N,Driver
MAP2K1,K57T,Driver
MAP2K1,L177M,Driver
MAP2K1,L235H,Passenger
MAP2K1,L313F,Passenger
MAP2K1,N122D,Driver
MAP2K1,P124L,Driver
MAP2K1,P323A,Passenger
MAP2K1,Q56P,Driver
MAP2K1,R108Q,Passenger
MAP2K1,R227K,Passenger
MAP2K1,R349K,Passenger
MAP2K1,R49C,Driver
MAP2K1,R49H,Passenger
MAP2K1,R96K,Passenger
MAP2K1,S327T,Passenger
MAP2K1,S86A,Passenger
MAP2K1,Y130C,Driver
MAP2K1,Y130N,Passenger
MAP2K2,D71N,Driver
MAP2K2,E207K,Driver
MAP2K2,F57L,Driver
MAP2K2,F57V,Driver
MAP2K2,L46F,Driver
MAP2K2,M150L,Passenger
MAP2K2,P128L,Driver
MAP2K2,Y134C,Driver
MAP2K4,P326L,Driver
MAP2K4,R134W,Driver
MAP2K4,S184L,Driver
MAP3K1,S1330L,Driver
MAP3K1,S1330W,Driver
MAPK1,D321N,Driver
MAPK1,E322K,Driver
MAPK1,E81K,Driver
MAPK1,R191H,Passenger
MAPK1,S142L,Driver
MAX,H28R,Driver
MAX,R35H,Driver
MAX,R35L,Driver
MAX,R36W,Driver
MAX,R60G,Driver
MAX,R60Q,Driver
MAX,R60W,Driver
MED12,G44A,Driver
MED12,G44C,Driver
MED12,G44D,Driver
MED12,L1224F,Driver
MED12,L1224V,Driver
MED12,V1223L,Driver
MEF2B,D83V,Driver
MERTK,R758H,Driver
MET,D1010H,Driver
MET,F1200I,Driver
MET,H1094Y,Driver
MET,M1250T,Driver
MET,V1070E,Driver
MET,V1092I,Driver
MET,Y1230C,Driver
MET,Y1230H,Driver
MET,Y1235H,Driver
MLH1,A111P,Driver
MLH1,G67W,Driver
MLH1,Q60P,Driver
MLH1,R385C,Passenger
MPL,P106L,Driver
MSH2,A305T,Passenger
MSH2,C697Y,Driver
MSH6,R976H,Driver
MSH6,T1219I,Driver
MTOR,A1459P,Driver
MTOR,A1519T,Driver
MTOR,A1971T,Driver
MTOR,A2210P,Driver
MTOR,A41S,Passenger
MTOR,A8S,Passenger
MTOR,C1483F,Driver
MTOR,C1483R,Driver
MTOR,C1483Y,Driver
MTOR,D2512G,Passenger
MTOR,D2512Y,Passenger
MTOR,E1799K,Driver
MTOR,E2419K,Driver
MTOR,F1888L,Driver
MTOR,I2500F,Driver
MTOR,I2500M,Driver
MTOR,I2500N,Driver
MTOR,K1452N,Driver
MTOR,L1433S,Driver
MTOR,L1460P,Driver
MTOR,L2172M,Driver
MTOR,L2209V,Driver
MTOR,L2216P,Driver
MTOR,L2230V,Driver
MTOR,L2427Q,Driver
MTOR,L2427R,Driver
MTOR,M2327I,Driver
MTOR,Q2223K,Driver
MTOR,R2152C,Passenger
MTOR,S2215F,Driver
MTOR,S2215Y,Driver
MTOR,T1977I,Driver
MTOR,T1977K,Driver
MTOR,T1977R,Driver
MTOR,V2006I,Driver
MTOR,V2006L,Driver
MTOR,Y1463S,Driver
MYCN,P44L,Driver
MYD88,S230N,Driver
NF1,R1204W,Driver
NF1,R1276Q,Driver
NF1,R1870Q,Driver
NF1,Y489C,Driver
NFE2,R219Q,Driver
NFE2L2,D29G,Driver
NFE2L2,D29H,Driver
NFE2L2,D29N,Driver
NFE2L2,D29Y,Driver
NFE2L2,D77G,Driver
NFE2L2,D77H,Driver
NFE2L2,D77Y,Driver
NFE2L2,E79D,Driver
NFE2L2,E79G,Driver
NFE2L2,E79K,Driver
NFE2L2,E79Q,Driver
NFE2L2,E79V,Driver
NFE2L2,E82A,Driver
NFE2L2,E82D,Driver
NFE2L2,E82G,Driver
NFE2L2,E82Q,Driver
NFE2L2,E82V,Driver
NFE2L2,G31A,Driver
NFE2L2,G31E,Driver
NFE2L2,G31R,Driver
NFE2L2,G31V,Driver
NFE2L2,G81A,Driver
NFE2L2,G81C,Driver
NFE2L2,G81D,Driver
NFE2L2,G81R,Driver
NFE2L2,G81S,Driver
NFE2L2,G81V,Driver
NFE2L2,I28T,Driver
NFE2L2,L30F,Driver
NFE2L2,L30H,Driver
NFE2L2,L30P,Driver
NFE2L2,L30R,Driver
NFE2L2,N160S,Driver
NFE2L2,Q26K,Driver
NFE2L2,Q26L,Driver
NFE2L2,Q26P,Driver
NFE2L2,R34G,Driver
NFE2L2,R34P,Driver
NFE2L2,R34Q,Driver
NFE2L2,T80A,Driver
NFE2L2,T80I,Driver
NFE2L2,T80K,Driver
NFE2L2,T80P,Driver
NFE2L2,T80R,Driver
NFE2L2,W24C,Driver
NFE2L2,W24R,Driver
NOTCH1,A465T,Driver
NOTCH1,C440F,Driver
NOTCH1,C440R,Driver
NOTCH1,C440S,Driver
NOTCH1,E455K,Driver
NOTCH1,G310E,Driver
NOTCH1,G310R,Driver
NOTCH1,G347S,Driver
NOTCH1,R365C,Driver
NRAS,A59G,Driver
NRAS,E132K,Passenger
NRAS,G12A,Driver
NRAS,G12C,Driver
NRAS,G12D,Driver
NRAS,G12R,Driver
NRAS,G12S,Driver
NRAS,G12V,Driver
NRAS,G13C,Driver
NRAS,G13D,Driver
NRAS,G13R,Driver
NRAS,G13S,Driver
NRAS,Q61H,Driver
NRAS,Q61K,Driver
NRAS,Q61L,Driver
NRAS,Q61P,Driver
NRAS,Q61R,Driver
NRAS,R164C,Passenger
NRAS,Y64D,Passenger
NSD1,C1710S,Driver
NSD1,C1710Y,Driver
NSD2,E1099K,Driver
NT5C2,R238Q,Driver
NT5C2,R367Q,Driver
NTRK1,G595R,Driver
NTRK3,G608S,Passenger
NUP93,E14K,Driver
PAK5,D421N,Driver
PAK5,E144K,Passenger
PAK5,E294K,Passenger
PAK5,M173I,Passenger
PAK5,S364L,Driver
PAX5,V26G,Driver
PDGFRA,C235R,Driver
PDGFRA,C235S,Driver
PDGFRA,C235Y,Driver
PDGFRA,D842H,Driver
PDGFRA,D842Y,Driver
PDGFRA,E229K,Driver
PDGFRA,E229V,Driver
PDGFRA,F808L,Passenger
PDGFRA,N659K,Driver
PDGFRA,N659Y,Driver
PDGFRA,R822H,Driver
PDGFRA,W349C,Passenger
PDPK1,P499L,Driver
PDPK1,P499S,Driver
PGR,R836Q,Driver
PIK3CA,A1066V,Driver
PIK3CA,C378F,Driver
PIK3CA,C378R,Driver
PIK3CA,C378Y,Driver
PIK3CA,C420R,Driver
PIK3CA,C604R,Driver
PIK3CA,C901F,Driver
PIK3CA,C90G,Driver
PIK3CA,C90R,Driver
PIK3CA,C90Y,Passenger
PIK3CA,C971R,Driver
PIK3CA,D350G,Driver
PIK3CA,D350N,Driver
PIK3CA,D939G,Driver
PIK3CA,E1037K,Driver
PIK3CA,E365K,Driver
PIK3CA,E365V,Driver
PIK3CA,E39G,Driver
PIK3CA,E39K,Driver
PIK3CA,E453D,Driver
PIK3CA,E453K,Driver
PIK3CA,E453Q,Driver
PIK3CA,E542A,Driver
PIK3CA,E542G,Driver
PIK3CA,E542K,Driver
PIK3CA,E542V,Driver
PIK3CA,E545A,Driver
PIK3CA,E545D,Driver
PIK3CA,E545G,Driver
PIK3CA,E545K,Driver
PIK3CA,E545Q,Driver
PIK3CA,E545V,Driver
PIK3CA,E547K,Passenger
PIK3CA,E600K,Driver
PIK3CA,E726K,Driver
PIK3CA,E81K,Driver
PIK3CA,E970K,Driver
PIK3CA,G1007R,Driver
PIK3CA,G1049R,Driver
PIK3CA,G106D,Driver
PIK3CA,G106R,Driver
PIK3CA,G106S,Driver
PIK3CA,G106V,Driver
PIK3CA,G118D,Driver
PIK3CA,G364R,Driver
PIK3CA,G451R,Driver
PIK3CA,G451V,Driver
PIK3CA,G914R,Driver
PIK3CA,H1047L,Driver
PIK3CA,H1047Q,Driver
PIK3CA,H1047R,Driver
PIK3CA,H1047Y,Driver
PIK3CA,K111E,Driver
PIK3CA,K111R,Driver
PIK3CA,M1004I,Driver
PIK3CA,M1004V,Driver
PIK3CA,M1043I,Driver
PIK3CA,M1043L,Driver
PIK3CA,M1043T,Driver
PIK3CA,M1043V,Driver
PIK3CA,N1044K,Driver
PIK3CA,N1044Y,Driver
PIK3CA,N107S,Driver
PIK3CA,N345H,Driver
PIK3CA,N345I,Driver
PIK3CA,N345K,Driver
PIK3CA,N345S,Driver
PIK3CA,N345T,Driver
PIK3CA,N345Y,Driver
PIK3CA,P104L,Driver
PIK3CA,P104R,Driver
PIK3CA,P366R,Driver
PIK3CA,P471A,Driver
PIK3CA,P471L,Driver
PIK3CA,P539R,Driver
PIK3CA,Q546E,Driver
PIK3CA,Q546H,Driver
PIK3CA,Q546K,Driver
PIK3CA,Q546P,Driver
PIK3CA,Q546R,Driver
PIK3CA,Q75E,Driver
PIK3CA,R108H,Driver
PIK3CA,R115L,Driver
PIK3CA,R115P,Driver
PIK3CA,R357Q,Driver
PIK3CA,R38H,Driver
PIK3CA,R38L,Driver
PIK3CA,R88Q,Driver
PIK3CA,R93P,Driver
PIK3CA,R93Q,Driver
PIK3CA,R93W,Driver
PIK3CA,S629C,Driver
PIK3CA,T1025A,Driver
PIK3CA,T1025S,Driver
PIK3CA,T1052K,Driver
PIK3CA,V344A,Driver
PIK3CA,V344G,Driver
PIK3CA,V344M,Driver
PIK3CA,Y1021C,Driver
PIK3CA,Y1021H,Driver
PIK3CB,A1048V,Driver
PIK3CB,D1067H,Driver
PIK3CB,D1067V,Driver
PIK3CB,D1067Y,Driver
PIK3CB,E1051K,Driver
PIK3CB,E470K,Driver
PIK3CB,E497D,Driver
PIK3CB,E552K,Driver
PIK3CD,C416R,Driver
PIK3CD,E1021K,Driver
PIK3CD,G124D,Driver
PIK3CD,G971R,Driver
PIK3R1,D560G,Driver
PIK3R1,D560H,Driver
PIK3R1,D560Y,Driver
PIK3R1,G376R,Driver
PIK3R1,K379E,Driver
PIK3R1,K379N,Driver
PIK3R1,K567E,Driver
PIK3R1,N564D,Driver
PIK3R1,N564K,Driver
PIK3R1,W333R,Driver
PIK3R1,Y452C,Driver
PIK3R1,Y452H,Driver
PIK3R1,Y452N,Driver
PIK3R2,D557H,Driver
PIK3R2,D557Y,Driver
PIK3R2,G373R,Driver
PIK3R2,N561D,Driver
PIM1,E79D,Driver
PIM1,K24N,Driver
PIM1,L2F,Driver
PIM1,P81S,Driver
PIM1,Q37H,Driver
PLCG1,R707Q,Driver
PLK2,L208V,Driver
PMS2,E5K,Passenger
PMS2,L585I,Passenger
PMS2,R107W,Driver
POLD1,R689W,Driver
POLE,M295R,Driver
POLE,P286L,Driver
POT1,I78T,Driver
POT1,Y223C,Driver
PPP2R1A,P179L,Driver
PPP2R1A,P179R,Driver
PPP2R1A,R182W,Driver
PPP2R1A,R183G,Driver
PPP2R1A,R183Q,Driver
PPP2R1A,R183W,Driver
PPP2R1A,S256F,Driver
PPP2R1A,S256Y,Driver
PPP6C,P186S,Driver
PPP6C,P186T,Driver
PPP6C,R264C,Driver
PPP6C,S270L,Driver
PRDM14,R505C,Driver
PRDM14,R505H,Driver
PREX2,L50V,Driver
PREX2,P1145S,Passenger
PRKCI,R480C,Driver
PRKCI,R480H,Driver
PRKCI,R480S,Driver
PRPF8,A687P,Passenger
PRPF8,H1875R,Driver
PTCH1,R571W,Passenger
PTEN,A126D,Driver
PTEN,A126G,Driver
PTEN,A126S,Driver
PTEN,A126V,Driver
PTEN,A34P,Driver
PTEN,A39P,Driver
PTEN,C105G,Driver
PTEN,C105R,Driver
PTEN,C105Y,Driver
PTEN,C124F,Driver
PTEN,C124G,Driver
PTEN,C124R,Driver
PTEN,C124S,Driver
PTEN,C136F,Driver
PTEN,C136R,Driver
PTEN,C136Y,Driver
PTEN,C71Y,Driver
PTEN,D107Y,Driver
PTEN,D162V,Driver
PTEN,D24E,Driver
PTEN,D24G,Driver
PTEN,D24H,Driver
PTEN,D24N,Driver
PTEN,D24V,Driver
PTEN,D252G,Driver
PTEN,D252V,Driver
PTEN,D92E,Driver
PTEN,D92G,Driver
PTEN,D92H,Driver
PTEN,D92N,Driver
PTEN,D92V,Driver
PTEN,D92Y,Driver
PTEN,F154L,Driver
PTEN,F241S,Driver
PTEN,F341V,Driver
PTEN,F347L,Driver
PTEN,G127E,Driver
PTEN,G127R,Driver
PTEN,G127V,Driver
PTEN,G129E,Driver
PTEN,G129R,Driver
PTEN,G129V,Driver
PTEN,G132D,Driver
PTEN,G132S,Driver
PTEN,G132V,Driver
PTEN,G165E,Driver
PTEN,G165R,Driver
PTEN,G165V,Driver
PTEN,G251A,Driver
PTEN,G251D,Driver
PTEN,G251V,Passenger
PTEN,G36R,Driver
PTEN,G44D,Driver
PTEN,H123D,Driver
PTEN,H123R,Driver
PTEN,H123Y,Driver
PTEN,H61R,Driver
PTEN,H93P,Driver
PTEN,H93R,Driver
PTEN,I101T,Driver
PTEN,I122N,Driver
PTEN,I67K,Driver
PTEN,I67T,Driver
PTEN,K125E,Driver
PTEN,K125T,Driver
PTEN,K128N,Driver
PTEN,K128Q,Driver
PTEN,K342N,Driver
PTEN,K6E,Driver
PTEN,L108P,Driver
PTEN,L112P,Driver
PTEN,L112R,Driver
PTEN,L181P,Driver
PTEN,L320S,Driver
PTEN,L325F,Driver
PTEN,L325R,Driver
PTEN,M134I,Driver
PTEN,M134T,Driver
PTEN,M35I,Driver
PTEN,M35V,Driver
PTEN,N276S,Driver
PTEN,N48K,Driver
PTEN,P246L,Driver
PTEN,P38S,Driver
PTEN,P95L,Driver
PTEN,P96S,Driver
PTEN,P96T,Driver
PTEN,Q171E,Driver
PTEN,Q171K,Driver
PTEN,Q171R,Driver
PTEN,R130G,Driver
PTEN,R130L,Driver
PTEN,R130P,Driver
PTEN,R130Q,Driver
PTEN,R159K,Driver
PTEN,R159S,Driver
PTEN,R15K,Driver
PTEN,R15S,Driver
PTEN,R173C,Driver
PTEN,R173H,Driver
PTEN,S170G,Driver
PTEN,S170I,Driver
PTEN,S170N,Driver
PTEN,S170R,Driver
PTEN,T131A,Driver
PTEN,T131I,Driver
PTEN,T167A,Driver
PTEN,T167N,Driver
PTEN,T277I,Driver
PTEN,V217D,Driver
PTEN,W111R,Driver
PTEN,Y155C,Driver
PTEN,Y174N,Driver
PTEN,Y177C,Driver
PTEN,Y177D,Driver
PTEN,Y177F,Driver
PTEN,Y178C,Driver
PTEN,Y27C,Driver
PTEN,Y27D,Driver
PTEN,Y346D,Driver
PTEN,Y346H,Driver
PTEN,Y68C,Driver
PTEN,Y68N,Driver
PTPN11,A461G,Driver
PTPN11,A461T,Driver
PTPN11,A72D,Driver
PTPN11,A72T,Driver
PTPN11,A72V,Driver
PTPN11,D61N,Driver
PTPN11,D61Y,Driver
PTPN11,E69D,Driver
PTPN11,E76A,Driver
PTPN11,E76G,Driver
PTPN11,E76K,Driver
PTPN11,F285S,Driver
PTPN11,F71L,Driver
PTPN11,G503V,Driver
PTPN11,N308S,Driver
PTPN11,Q510H,Driver
PTPN11,Q510L,Driver
PTPN11,R498W,Passenger
PTPN11,T468M,Driver
PTPN11,T507K,Driver
PTPN11,Y63C,Driver
PTPRD,R1088C,Driver
PTPRD,R1088L,Driver
PTPRD,S431L,Driver
PTPRS,R1492Q,Driver
PTPRS,R1492W,Driver
PTPRT,A707T,Driver
PTPRT,E548G,Driver
PTPRT,E548K,Driver
PTPRT,L668V,Driver
PTPRT,L695F,Driver
PTPRT,L695R,Driver
PTPRT,R364Q,Driver
PTPRT,R453C,Driver
PTPRT,T605M,Driver
RAB35,A151T,Driver
RAC1,C18F,Driver
RAC1,C18Y,Driver
RAC1,G12R,Driver
RAC1,P29L,Driver
RAC1,P29S,Driver
RAC1,P29T,Driver
RAC1,P34R,Driver
RAC1,P34S,Driver
RAC1,Q61R,Driver
RAD50,D69N,Driver
RAD50,D69Y,Driver
RAD50,L1237F,Driver
RAD51C,P21A,Driver
RAD51C,P21S,Driver
RAD51C,P21T,Driver
RAD51C,Y224H,Driver
RAF1,E478K,Driver
RAF1,R391W,Driver
RAF1,S257W,Driver
RAF1,S259F,Driver
RAF1,S259P,Driver
RARA,F286I,Driver
RARA,F286S,Driver
RASA1,L481F,Driver
RB1,R621H,Driver
RB1,R698S,Driver
RB1,S567L,Driver
REST,S593N,Passenger
RET,E511K,Driver
RET,M918T,Driver
RHEB,Y35C,Driver
RHEB,Y35N,Driver
RHOA,A161T,Driver
RHOA,A161V,Driver
RHOA,E40D,Driver
RHOA,E40K,Driver
RHOA,E40Q,Passenger
RHOA,E47K,Passenger
RHOA,G17A,Driver
RHOA,G17E,Driver
RHOA,G62E,Driver
RHOA,G62R,Driver
RHOA,L22P,Driver
RHOA,L22R,Driver
RHOA,L57V,Driver
RHOA,L69P,Driver
RHOA,R5Q,Driver
RHOA,R5W,Driver
RHOA,T37I,Driver
RHOA,T37S,Driver
RHOA,Y34C,Driver
RHOA,Y42C,Driver
RHOA,Y42S,Driver
RICTOR,S1101L,Driver
RIT1,A77S,Driver
RIT1,A77T,Driver
RIT1,F82L,Driver
RIT1,M90I,Driver
RIT1,R122L,Driver
RNASEH2A,V133M,Passenger
RNF43,H86R,Driver
RNF43,H86Y,Driver
RPS15,G132S,Driver
RPS6KA4,R629C,Driver
RPS6KA4,S236L,Driver
RPTOR,R139H,Driver
RRAS,Q87L,Driver
RRAS2,G24D,Driver
RRAS2,Q72H,Driver
RRAS2,Q72L,Driver
SAMHD1,D137N,Driver
SAMHD1,D497Y,Driver
SAMHD1,R366H,Driver
SAMHD1,V133I,Driver
SDHAF2,S10L,Driver
SESN2,I425V,Driver
SETBP1,D868N,Driver
SETBP1,D868Y,Driver
SETD2,H1603R,Driver
SETD2,R1625C,Driver
SETD2,R1625H,Driver
SETD2,R1625L,Driver
SETD2,R2510H,Driver
SETD2,Y1666H,Driver
SF3B1,D894G,Driver
SF3B1,D894Y,Driver
SF3B1,E622D,Driver
SF3B1,E902G,Driver
SF3B1,E902K,Driver
SF3B1,G740E,Driver
SF3B1,G740V,Driver
SF3B1,G742D,Driver
SF3B1,H662R,Driver
SF3B1,I665F,Passenger
SF3B1,K666E,Driver
SF3B1,K666N,Driver
SF3B1,K666Q,Driver
SF3B1,K666T,Driver
SF3B1,K700E,Driver
SF3B1,K741E,Driver
SF3B1,K741N,Driver
SF3B1,K741Q,Driver
SF3B1,N626D,Driver
SF3B1,N626H,Driver
SF3B1,N626Y,Driver
SF3B1,R625C,Driver
SF3B1,R625H,Driver
SF3B1,R957Q,Driver
SHOC2,S2G,Driver
SLC9A3R1,E43G,Driver
SMAD2,D300N,Driver
SMAD2,D450E,Driver
SMAD2,P305L,Driver
SMAD2,P305Q,Driver
SMAD2,R321Q,Driver
SMAD2,S276L,Driver
SMAD3,R268C,Driver
SMAD3,R268H,Driver
SMAD3,R287W,Driver
SMAD3,R373H,Driver
SMAD4,A118V,Driver
SMAD4,C363S,Driver
SMAD4,C363Y,Driver
SMAD4,D351A,Driver
SMAD4,D351G,Driver
SMAD4,D351H,Driver
SMAD4,D351N,Driver
SMAD4,D351Y,Driver
SMAD4,D355G,Driver
SMAD4,D355V,Driver
SMAD4,D355Y,Driver
SMAD4,D493N,Driver
SMAD4,D537E,Driver
SMAD4,D537G,Driver
SMAD4,D537V,Driver
SMAD4,D537Y,Driver
SMAD4,E330K,Driver
SMAD4,E330Q,Driver
SMAD4,G352R,Driver
SMAD4,G352V,Driver
SMAD4,G386C,Driver
SMAD4,G386D,Driver
SMAD4,G386S,Driver
SMAD4,G386V,Driver
SMAD4,G419V,Driver
SMAD4,G510R,Driver
SMAD4,H132Y,Driver
SMAD4,L536P,Driver
SMAD4,L536R,Driver
SMAD4,P130S,Driver
SMAD4,P356L,Driver
SMAD4,P356R,Driver
SMAD4,P356S,Driver
SMAD4,R361C,Driver
SMAD4,R361H,Driver
SMAD4,R361P,Driver
SMAD4,R496H,Driver
SMAD4,R497H,Driver
SMAD4,V370D,Driver
SMAD4,W524C,Driver
SMAD4,W524L,Driver
SMAD4,W524R,Driver
SMAD4,Y353C,Driver
SMAD4,Y353N,Driver
SMAD4,Y95C,Driver
SMARCA2,R1159Q,Driver
SMARCA4,A1186T,Passenger
SMARCA4,E821K,Driver
SMARCA4,E882K,Driver
SMARCA4,G1162C,Driver
SMARCA4,G1232S,Driver
SMARCA4,G1232V,Driver
SMARCA4,K785R,Driver
SMARCA4,M781I,Driver
SMARCA4,M781V,Driver
SMARCA4,R1135Q,Driver
SMARCA4,R1135W,Driver
SMARCA4,R1157Q,Driver
SMARCA4,R1189L,Driver
SMARCA4,R1189Q,Driver
SMARCA4,R1192C,Driver
SMARCA4,R1192H,Driver
SMARCA4,R1243W,Driver
SMARCA4,R973Q,Driver
SMARCA4,R973W,Driver
SMARCA4,T910M,Driver
SMARCD1,R183L,Driver
SMARCD1,R183Q,Driver
SMO,I408V,Driver
SMO,V321M,Driver
SOS1,A90T,Driver
SOS1,A90V,Driver
SOS1,D265N,Passenger
SOS1,D309Y,Driver
SOS1,E846K,Driver
SOS1,G434R,Driver
SOS1,L938F,Passenger
SOS1,M269K,Driver
SOS1,N233Y,Driver
SOS1,N535S,Passenger
SOS1,P478L,Driver
SOS1,R552G,Driver
SOS1,R552S,Driver
SOX17,A96G,Passenger
SOX17,S403I,Passenger
SPOP,D130E,Driver
SPOP,D130H,Driver
SPOP,D140G,Driver
SPOP,D140N,Driver
SPOP,D140Y,Driver
SPOP,E47A,Driver
SPOP,E47K,Driver
SPOP,E50K,Driver
SPOP,F102C,Driver
SPOP,F102I,Driver
SPOP,F102S,Driver
SPOP,F102V,Driver
SPOP,F125I,Driver
SPOP,F125L,Driver
SPOP,F133C,Driver
SPOP,F133I,Driver
SPOP,F133L,Driver
SPOP,F133S,Driver
SPOP,F133V,Driver
SPOP,M117V,Driver
SPOP,P94R,Driver
SPOP,R121Q,Driver
SPOP,S80R,Driver
SPOP,W131C,Driver
SPOP,W131G,Driver
SPOP,W131L,Driver
SPOP,W131R,Driver
SPOP,W131S,Driver
SPOP,Y87C,Driver
SPOP,Y87N,Driver
SPOP,Y87S,Driver
SPRED1,R349S,Driver
SRSF2,P95L,Driver
STAT1,T385M,Driver
STAT3,D661V,Driver
STAT3,D661Y,Driver
STAT3,E616G,Driver
STAT3,E616K,Driver
STAT3,F384L,Driver
STAT3,F384Y,Driver
STAT3,H410R,Driver
STAT3,N647I,Driver
STAT3,S614R,Driver
STAT3,Y640F,Driver
STAT6,N421K,Passenger
STK11,A205T,Driver
STK11,D194H,Driver
STK11,D194N,Driver
STK11,D194Y,Driver
STK11,G196R,Driver
STK11,G196V,Driver
STK11,G242V,Driver
STK11,G242W,Driver
STK11,G251C,Driver
STK11,G251R,Driver
STK11,G251V,Driver
STK11,G56W,Driver
STK11,K78N,Driver
STK11,P179Q,Driver
STK11,P179R,Driver
STK11,P221L,Driver
STK11,R304W,Driver
STK11,S193F,Driver
STK11,S216F,Driver
STK11,W239C,Driver
SUFU,G334D,Passenger
SUFU,G64V,Passenger
SUFU,R339W,Driver
TET2,R1214W,Driver
TGFBR1,I259N,Driver
TGFBR1,R487Q,Driver
TGFBR1,R487W,Driver
TGFBR1,S241L,Driver
TOP1,R621H,Passenger
TP53,A138P,Driver
TP53,A159D,Driver
TP53,A159P,Driver
TP53,A159V,Driver
TP53,A161D,Driver
TP53,A161S,Driver
TP53,A161V,Driver
TP53,A276D,Driver
TP53,A276G,Driver
TP53,A276P,Driver
TP53,A307V,Passenger
TP53,A347V,Driver
TP53,A70T,Passenger
TP53,A74T,Passenger
TP53,A79V,Passenger
TP53,C124G,Passenger
TP53,C124R,Driver
TP53,C135F,Driver
TP53,C135R,Driver
TP53,C135S,Driver
TP53,C135W,Driver
TP53,C135Y,Driver
TP53,C141G,Driver
TP53,C141R,Driver
TP53,C141W,Driver
TP53,C141Y,Driver
TP53,C176F,Driver
TP53,C176G,Driver
TP53,C176R,Driver
TP53,C176S,Driver
TP53,C176W,Driver
TP53,C176Y,Driver
TP53,C238F,Driver
TP53,C238G,Driver
TP53,C238R,Driver
TP53,C238S,Driver
TP53,C238W,Driver
TP53,C238Y,Driver
TP53,C242F,Driver
TP53,C242G,Driver
TP53,C242R,Driver
TP53,C242S,Driver
TP53,C242Y,Driver
TP53,C275F,Driver
TP53,C275G,Driver
TP53,C275R,Driver
TP53,C275S,Driver
TP53,C275W,Driver
TP53,C275Y,Driver
TP53,C277F,Driver
TP53,C277G,Driver
TP53,C277W,Driver
TP53,D148H,Passenger
TP53,D148N,Passenger
TP53,D208G,Passenger
TP53,D208N,Passenger
TP53,D208V,Driver
TP53,D228E,Passenger
TP53,D228N,Passenger
TP53,D259V,Driver
TP53,D259Y,Driver
TP53,D281A,Driver
TP53,D281E,Driver
TP53,D281G,Driver
TP53,D281H,Driver
TP53,D281N,Driver
TP53,D281V,Driver
TP53,D281Y,Driver
TP53,D61G,Passenger
TP53,E11K,Passenger
TP53,E171K,Passenger
TP53,E180K,Driver
TP53,E204D,Passenger
TP53,E204Q,Passenger
TP53,E224D,Passenger
TP53,E258A,Driver
TP53,E258D,Driver
TP53,E258G,Driver
TP53,E258K,Driver
TP53,E258Q,Driver
TP53,E271K,Driver
TP53,E271V,Driver
TP53,E285K,Driver
TP53,E285V,Driver
TP53,E286A,Driver
TP53,E286G,Driver
TP53,E286K,Driver
TP53,E286Q,Driver
TP53,E286V,Driver
TP53,E287D,Passenger
TP53,F109C,Driver
TP53,F109S,Driver
TP53,F109V,Driver
TP53,F113C,Driver
TP53,F113L,Driver
TP53,F113V,Driver
TP53,F134L,Driver
TP53,F134S,Driver
TP53,F134V,Driver
TP53,F270C,Driver
TP53,F270I,Driver
TP53,F270L,Driver
TP53,F270S,Driver
TP53,F270V,Driver
TP53,G105C,Driver
TP53,G105D,Driver
TP53,G105R,Driver
TP53,G105S,Driver
TP53,G105V,Driver
TP53,G154V,Driver
TP53,G187S,Passenger
TP53,G199V,Driver
TP53,G244C,Driver
TP53,G244D,Driver
TP53,G244R,Driver
TP53,G244S,Driver
TP53,G244V,Driver
TP53,G245A,Driver
TP53,G245C,Driver
TP53,G245D,Driver
TP53,G245R,Driver
TP53,G245S,Driver
TP53,G245V,Driver
TP53,G262V,Driver
TP53,G266E,Driver
TP53,G266R,Driver
TP53,G266V,Driver
TP53,G279E,Driver
TP53,G279R,Driver
TP53,G334W,Passenger
TP53,H168L,Driver
TP53,H168P,Driver
TP53,H168R,Driver
TP53,H178D,Driver
TP53,H178P,Driver
TP53,H178Q,Driver
TP53,H179L,Driver
TP53,H179N,Driver
TP53,H179Q,Driver
TP53,H179R,Driver
TP53,H179Y,Driver
TP53,H193D,Driver
TP53,H193L,Driver
TP53,H193N,Driver
TP53,H193P,Driver
TP53,H193R,Driver
TP53,H193Y,Driver
TP53,H214R,Driver
TP53,I162F,Driver
TP53,I162N,Driver
TP53,I195F,Driver
TP53,I195N,Driver
TP53,I195S,Driver
TP53,I195T,Driver
TP53,I232F,Driver
TP53,I232N,Driver
TP53,I232S,Driver
TP53,I232T,Driver
TP53,I251F,Driver
TP53,I251N,Driver
TP53,I251S,Driver
TP53,I254F,Driver
TP53,I254N,Driver
TP53,I254S,Driver
TP53,I255F,Driver
TP53,I255N,Driver
TP53,I255S,Driver
TP53,I255T,Driver
TP53,K120E,Driver
TP53,K120Q,Driver
TP53,K132E,Driver
TP53,K132M,Driver
TP53,K132N,Driver
TP53,K132Q,Driver
TP53,K132R,Driver
TP53,K132T,Driver
TP53,K139N,Driver
TP53,K164E,Driver
TP53,K319N,Passenger
TP53,K351E,Driver
TP53,L111P,Driver
TP53,L111Q,Driver
TP53,L111R,Driver
TP53,L130F,Driver
TP53,L130P,Driver
TP53,L130R,Driver
TP53,L130V,Driver
TP53,L145P,Driver
TP53,L145Q,Driver
TP53,L145R,Driver
TP53,L194F,Driver
TP53,L194H,Driver
TP53,L194P,Driver
TP53,L194R,Driver
TP53,L252P,Driver
TP53,L257P,Driver
TP53,L257Q,Driver
TP53,L257R,Driver
TP53,L257V,Driver
TP53,L265P,Driver
TP53,L265R,Driver
TP53,L330R,Driver
TP53,L348F,Driver
TP53,L348S,Driver
TP53,M133K,Driver
TP53,M133R,Driver
TP53,M133T,Driver
TP53,M169I,Passenger
TP53,M169T,Passenger
TP53,M237I,Driver
TP53,M237K,Driver
TP53,M237V,Driver
TP53,M243I,Passenger
TP53,M246I,Driver
TP53,M246K,Driver
TP53,M246L,Driver
TP53,M246R,Driver
TP53,M246T,Driver
TP53,M246V,Driver
TP53,N131I,Driver
TP53,N131S,Driver
TP53,N239D,Driver
TP53,N239S,Driver
TP53,N247I,Driver
TP53,N345D,Driver
TP53,P151A,Driver
TP53,P151H,Driver
TP53,P151R,Driver
TP53,P151S,Driver
TP53,P151T,Driver
TP53,P152L,Driver
TP53,P152Q,Driver
TP53,P152S,Driver
TP53,P177L,Driver
TP53,P177R,Driver
TP53,P177T,Passenger
TP53,P190L,Driver
TP53,P190R,Driver
TP53,P190T,Driver
TP53,P191L,Passenger
TP53,P250L,Driver
TP53,P278A,Driver
TP53,P278H,Driver
TP53,P278L,Driver
TP53,P278R,Driver
TP53,P278S,Driver
TP53,P278T,Driver
TP53,P27L,Driver
TP53,P67S,Passenger
TP53,P92S,Passenger
TP53,Q136E,Driver
TP53,Q136H,Driver
TP53,Q136P,Driver
TP53,Q144P,Driver
TP53,Q192R,Passenger
TP53,R110C,Driver
TP53,R110L,Driver
TP53,R110P,Driver
TP53,R156G,Driver
TP53,R156P,Driver
TP53,R158C,Driver
TP53,R158G,Driver
TP53,R158H,Driver
TP53,R158L,Driver
TP53,R158P,Driver
TP53,R158S,Driver
TP53,R174W,Driver
TP53,R175G,Driver
TP53,R175H,Driver
TP53,R175L,Driver
TP53,R181C,Driver
TP53,R181H,Driver
TP53,R181P,Driver
TP53,R196P,Driver
TP53,R209I,Passenger
TP53,R209K,Passenger
TP53,R213G,Driver
TP53,R213L,Driver
TP53,R213P,Driver
TP53,R213Q,Driver
TP53,R248G,Driver
TP53,R248L,Driver
TP53,R248P,Driver
TP53,R248Q,Driver
TP53,R248W,Driver
TP53,R249G,Driver
TP53,R249K,Driver
TP53,R249M,Driver
TP53,R249S,Driver
TP53,R249T,Driver
TP53,R249W,Driver
TP53,R267G,Driver
TP53,R267P,Driver
TP53,R267Q,Driver
TP53,R267W,Driver
TP53,R273C,Driver
TP53,R273G,Driver
TP53,R273H,Driver
TP53,R273L,Driver
TP53,R273P,Driver
TP53,R273S,Driver
TP53,R280G,Driver
TP53,R280I,Driver
TP53,R280K,Driver
TP53,R280S,Driver
TP53,R280T,Driver
TP53,R282G,Driver
TP53,R282P,Driver
TP53,R282Q,Driver
TP53,R282W,Driver
TP53,R283H,Driver
TP53,R283P,Driver
TP53,R333C,Driver
TP53,R337C,Driver
TP53,R337H,Driver
TP53,R337L,Driver
TP53,R337P,Driver
TP53,R337S,Driver
TP53,R342P,Driver
TP53,S106R,Passenger
TP53,S127C,Driver
TP53,S127F,Driver
TP53,S127P,Driver
TP53,S127T,Driver
TP53,S127Y,Driver
TP53,S215G,Driver
TP53,S215I,Driver
TP53,S215N,Driver
TP53,S215R,Driver
TP53,S215T,Driver
TP53,S240G,Driver
TP53,S240R,Driver
TP53,S241A,Driver
TP53,S241C,Driver
TP53,S241F,Driver
TP53,S241P,Driver
TP53,S241Y,Driver
TP53,S315C,Passenger
TP53,T125M,Driver
TP53,T125P,Driver
TP53,T140A,Driver
TP53,T155I,Driver
TP53,T155N,Driver
TP53,T155P,Driver
TP53,T230P,Passenger
TP53,T253A,Driver
TP53,T284P,Driver
TP53,V143A,Driver
TP53,V143E,Driver
TP53,V143G,Driver
TP53,V143M,Driver
TP53,V147G,Driver
TP53,V157D,Driver
TP53,V157F,Driver
TP53,V157G,Driver
TP53,V157L,Driver
TP53,V172D,Driver
TP53,V172F,Driver
TP53,V172G,Driver
TP53,V173A,Driver
TP53,V173G,Driver
TP53,V173L,Driver
TP53,V173M,Driver
TP53,V197G,Driver
TP53,V197L,Driver
TP53,V197M,Driver
TP53,V203L,Passenger
TP53,V216E,Driver
TP53,V216G,Driver
TP53,V216L,Driver
TP53,V216M,Driver
TP53,V217G,Driver
TP53,V218E,Driver
TP53,V218G,Passenger
TP53,V272A,Driver
TP53,V272G,Driver
TP53,V272L,Driver
TP53,V272M,Driver
TP53,V274A,Driver
TP53,V274D,Driver
TP53,V274F,Driver
TP53,V274G,Driver
TP53,V274L,Driver
TP53,W146S,Passenger
TP53,Y107D,Driver
TP53,Y126C,Driver
TP53,Y126D,Driver
TP53,Y126H,Driver
TP53,Y126N,Driver
TP53,Y126S,Driver
TP53,Y163C,Driver
TP53,Y163D,Driver
TP53,Y163H,Driver
TP53,Y163N,Driver
TP53,Y205C,Driver
TP53,Y205D,Driver
TP53,Y205F,Driver
TP53,Y205H,Driver
TP53,Y205N,Driver
TP53,Y205S,Driver
TP53,Y220C,Driver
TP53,Y220D,Driver
TP53,Y220H,Driver
TP53,Y220N,Driver
TP53,Y220S,Driver
TP53,Y234C,Driver
TP53,Y234H,Driver
TP53,Y234N,Driver
TP53,Y234S,Driver
TP53,Y236C,Driver
TP53,Y236D,Driver
TP53,Y236H,Driver
TP53,Y236S,Driver
TP63,E609K,Driver
TP63,S365L,Driver
TRAF7,N520Y,Driver
TSC1,H68R,Driver
TSC2,E254K,Passenger
TSC2,P1675L,Driver
TSC2,R245H,Passenger
TSC2,R505Q,Driver
TSC2,S1498N,Driver
TSC2,S1653F,Driver
TYK2,R1027H,Driver
VHL,C162F,Driver
VHL,C162R,Driver
VHL,C162Y,Driver
VHL,D121Y,Driver
VHL,G114A,Driver
VHL,H115N,Driver
VHL,H115Q,Driver
VHL,H115Y,Driver
VHL,I151F,Driver
VHL,I151N,Driver
VHL,I151T,Driver
VHL,L118P,Driver
VHL,L158P,Driver
VHL,L158Q,Driver
VHL,L158V,Driver
VHL,L169P,Driver
VHL,L89H,Driver
VHL,L89P,Driver
VHL,N78D,Driver
VHL,N78Y,Driver
VHL,N90I,Driver
VHL,P86L,Driver
VHL,P86T,Driver
VHL,R167G,Driver
VHL,R167W,Driver
VHL,R82P,Driver
VHL,S111I,Driver
VHL,S111N,Driver
VHL,S65L,Driver
VHL,S65W,Driver
VHL,S80R,Driver
VHL,V155L,Driver
VHL,V155M,Driver
VHL,V74D,Driver
VHL,W88R,Driver
VHL,W88S,Driver
XPO1,E571K,Driver
XPO1,R749Q,Driver
ZBTB7A,A522T,Passenger
ZBTB7A,D576V,Passenger
ZBTB7A,D78E,Passenger
ZBTB7A,G406V,Driver
ZBTB7A,G562D,Passenger
ZBTB7A,H404R,Driver
ZBTB7A,K424N,Driver
ZBTB7A,K424T,Passenger
ZBTB7A,P14S,Passenger
ZBTB7A,P184S,Driver
ZBTB7A,Q322L,Driver
ZBTB7A,R112C,Passenger
ZBTB7A,R402H,Driver
ZBTB7A,S326L,Passenger
ZBTB7A,S357R,Passenger
ZBTB7A,T403N,Driver
ZBTB7A,T461M,Passenger
